PDB_ID,Chain_ID,Sequence,Length,Gaps,Mismatches,Mismatch_location,Not_in_dict
7krx,A,SNAEVRTIKVFTTVDNINLHTQVVDMSMTYGQQFGPTYLDGADVTKIKPHNSHEGKTFYVLPNDDTLRVEAFEYYHTTDPSFLGRYMSALNHTKKWKYPQVNGLTSIKWADNNSYLATALLTLQQIELKFNPPALQDAYYRARAGEAANFCALILAYCNKTVGELGDVRETMSYLFQHANLDSCKRVLNVVCKTCGQQQTTLKGVEAVMYMGTLSYEQFKKGVQIPCTCGKQATKYLVQQESPFVMMSAPPAQYELKHGTFTCASEYTGNYQCGHYKHITSKETLYCIDGALLTKSSEYKGPITDVFYKENSYTTTIK,318,0,1,['C114S'],99.69
6wx4,D,MREVRTIKVFTTVDNINLHTQVVDMSMTYGQQFGPTYLDGADVTKIKPHNSHEGKTFYVLPNDDTLRVEAFEYYHTTDPSFLGRYMSALNHTKKWKYPQVNGLTSIKWADNNCYLATALLTLQQIELKFNPPALQDAYYRARAGEAANFCALILAYCNKTVGELGDVRETMSYLFQHANLDSCKRVLNVVCKTCGQQQTTLKGVEAVMYMGTLSYEQFKKGVQIPCTCGKQATKYLVQQESPFVMMSAPPAQYELKHGTFTCASEYTGNYQCGHYKHITSKETLYCIDGALLTKSSEYKGPITDVFYKENSYTTTIKPLEHHHHHH,326,10,2,"['N2M', 'A3R']",96.33
8eua,A,MREVRTIKVFTTVDNINLHTQVVDMSMTYGQQFGPTYLDGADVTKIKPHNSHEGKTFYVLPNDDTLRVEAFEYYHTTDPSFLGRYMSALNHTKKWKYPQVNGLTSIKWADNNCYLATALLTLQQIELKFNPPALQDAYYRARAGEAANFCALILAYCNKTVGELGDVRETMSYLFQHANLDSCKRVLNVVCKTCGQQQTTLKGVEAVMYMGTLSYEQFKKGVQIPCTCGKQATKYLVQQESPFVMMSAPPAQYELKHGTFTCASEYTGNYQCGHYKHITSKETLYCIDGALLTKSSEYKGPITDVFYKENSYTTTIKPL,319,3,2,"['N2M', 'A3R']",98.44
8f2e,A,GKRPINPTDQSSYIVDSVTVKNGSIHLYFDKAGQKTYERHSLSHFVNLDNLRANNTKGSLPINVIVFDGKSKCEESSAKSASVYYSQLMCQPILLLDQALVSDVGDSAEVAVKMFDAYVNTFSSTFNVPMEKLKTLVATAEAELAKNVSLDNVLSTFISAARQGFVDSDVETKDVVECLKLSHQSDIEVTGDSCNNYMLTYNKVENMTPRDLGACIDCSARHINAQVAKSHNIALIWNVKDFMSLSEQLRKQIRSAAKKNNLPFKLTCATTRQVVNVVTTKIALKGG,287,125,149,"['I8G', 'D15R', 'N16P', 'L19P', 'H20T', 'T21D', 'V23I', 'M28V', 'Y30V', 'G31K', 'Q32N', 'Q33G', 'F34S', 'G35I', 'P36H', 'T37L', 'L39F', 'G41K', 'D43Q', 'V44K', 'K46Y', 'I47E', 'K48R', 'P49H', 'H50S', 'N51L', 'D64L', 'T66N', 'E70I', 'A71V', 'E73D', 'Y74G', 'Y75K', 'H76S', 'T77K', 'T78C', 'D79E', 'P80E', 'F82S', 'L83A', 'G84S', 'R85V', 'M87Y', 'A89Q', 'N91M', 'H92C', 'T93Q', 'K94P', 'K95I', 'W96L', 'K97L', 'Y98L', 'P99D', 'G103A', 'T105V', 'I107V', 'W109M', 'A110F', 'C114A', 'L116V', 'A117N', 'A119F', 'L120S', 'L121S', 'P132V', 'A134M', 'L135E', 'Q136K', 'D137L', 'A138K', 'Y139T', 'Y140L', 'R141V', 'R143T', 'I154E', 'T161N', 'E164S', 'G166D', 'D167N', 'R169L', 'E170S', 'M172I', 'Y174A', 'L175A', 'F176R', 'A179G', 'N180F', 'L181V', 'C184T', 'R186D', 'V191E', 'T194L', 'C195S', 'G196H', 'Q198S', 'Q199D', 'T200I', 'T201E', 'L202V', 'K203T', 'V205D', 'E206S', 'A207C', 'V208N', 'M209N', 'S215T', 'Q218P', 'F219R', 'K220D', 'K221L', 'V223A', 'Q224C', 'P226D', 'Q232S', 'T234R', 'K235H', 'Y236I', 'L237N', 'V238A', 'M246A', 'M247K', 'A249H', 'P250N', 'P251I', 'Q253I', 'Y254W', 'E255N', 'L256V', 'T260D', 'T262M', 'C263S', 'A264L', 'H275L', 'Y276R', 'H278Q', 'T280R', 'E283N', 'T284N', 'G290P', 'A291F', 'L292K', 'G301C', 'P302A', 'I303T', 'D305Q', 'E310V', 'S312V', 'Y313V', 'T316K']",24.93
7xc4,A,FQHMGTVSWNLREMLAHAEETRKLMPVCVETKAIVSTIQRKYKGIKIQEGVVDYGARFYFYTSKTTVASLINTLNDLNETLVTMPLGYVTHGLNLEEAARYMRSLKVPATVSVSSPDAVTAYNGYLTSS,129,193,61,"['I8F', 'K9Q', 'V10H', 'F11M', 'T12G', 'N16S', 'I17W', 'M26R', 'S27E', 'D40A', 'G41H', 'D43E', 'V44E', 'I47L', 'K48M', 'R68C', 'S88K', 'L90I', 'N91V', 'H92S', 'K94I', 'K95Q', 'W96R', 'N102K', 'Q124I', 'A134G', 'L135V', 'Q136V', 'R141G', 'L155Y', 'A156F', 'C158T', 'N159S', 'G163A', 'E164S', 'R169I', 'E170N', 'M172L', 'S173N', 'Y174D', 'L181E', 'D182T', 'S183L', 'C184V', 'K185T', 'R186M', 'V187P', 'N189G', 'V190Y', 'C195H', 'K203N', 'G204L', 'V205E', 'V208A', 'M209R', 'G212R', 'T213S', 'A249S', 'P251D', 'F261V', 'T268N']",20.62
7xc4,B,FQHMGTVSWNLREMLAHAEETRKLMPVCVETKAIVSTIQRKYKGIKIQEGVVDYGARFYFYTSKTTVASLINTLNDLNETLVTMPLGYVTHGLNLEEAARYMRSLKVPATVSVSSPDAVTAYNGYLTSS,129,193,61,"['I8F', 'K9Q', 'V10H', 'F11M', 'T12G', 'N16S', 'I17W', 'M26R', 'S27E', 'D40A', 'G41H', 'D43E', 'V44E', 'I47L', 'K48M', 'R68C', 'S88K', 'L90I', 'N91V', 'H92S', 'K94I', 'K95Q', 'W96R', 'N102K', 'Q124I', 'A134G', 'L135V', 'Q136V', 'R141G', 'L155Y', 'A156F', 'C158T', 'N159S', 'G163A', 'E164S', 'R169I', 'E170N', 'M172L', 'S173N', 'Y174D', 'L181E', 'D182T', 'S183L', 'C184V', 'K185T', 'R186M', 'V187P', 'N189G', 'V190Y', 'C195H', 'K203N', 'G204L', 'V205E', 'V208A', 'M209R', 'G212R', 'T213S', 'A249S', 'P251D', 'F261V', 'T268N']",20.62
6xaa,A,GTREVRTIKVFTTVDNINLHTQVVDMSMTYGQQFGPTYLDGADVTKIKPHNSHEGKTFYVLPNDDTLRVEAFEYYHTTDPSFLGRYMSALNHTKKWKYPQVNGLTSIKWADNNCYLATALLTLQQIELKFNPPALQDAYYRARAGEAANFCALILAYCNKTVGELGDVRETMSYLFQHANLDSCKRVLNVVCKTCGQQQTTLKGVEAVMYMGTLSYEQFKKGVQIPCTCGKQATKYLVQQESPFVMMSAPPAQYELKHGTFTCASEYTGNYQCGHYKHITSKETLYCIDGALLTKSSEYKGPITDVFYKENSYTTTIK,318,0,3,"['S1G', 'N2T', 'A3R']",99.06
6xaa,B,MQIFVKTLTGKTITLEVEPSDTIENVKAKIQDKEGIPPDQQRLIFAGKQLEDGRTLSDYNIQKESTLHLVLRLRG,75,247,28,"['Q33I', 'G35V', 'P36K', 'D65I', 'R68E', 'V191K', 'C192A', 'E217I', 'F219D', 'K221E', 'L237P', 'V238D', 'E241R', 'S242L', 'P243I', 'Q253G', 'Y254K', 'E255Q', 'K257E', 'H258D', 'F261R', 'A264L', 'E266D', 'Y271I', 'A291H', 'E298R', 'Y299L', 'K300R']",14.06
6wuu,A,MREVRTIKVFTTVDNINLHTQVVDMSMTYGQQFGPTYLDGADVTKIKPHNSHEGKTFYVLPNDDTLRVEAFEYYHTTDPSFLGRYMSALNHTKKWKYPQVNGLTSIKWADNNCYLATALLTLQQIELKFNPPALQDAYYRARAGEAANFCALILAYCNKTVGELGDVRETMSYLFQHANLDSCKRVLNVVCKTCGQQQTTLKGVEAVMYMGTLSYEQFKKGVQIPCTCGKQATKYLVQQESPFVMMSAPPAQYELKHGTFTCASEYTGNYQCGHYKHITSKETLYCIDGALLTKSSEYKGPITDVFYKENSYTTTIKPLEHHHHHH,326,10,2,"['N2M', 'A3R']",96.33
6wuu,B,MREVRTIKVFTTVDNINLHTQVVDMSMTYGQQFGPTYLDGADVTKIKPHNSHEGKTFYVLPNDDTLRVEAFEYYHTTDPSFLGRYMSALNHTKKWKYPQVNGLTSIKWADNNCYLATALLTLQQIELKFNPPALQDAYYRARAGEAANFCALILAYCNKTVGELGDVRETMSYLFQHANLDSCKRVLNVVCKTCGQQQTTLKGVEAVMYMGTLSYEQFKKGVQIPCTCGKQATKYLVQQESPFVMMSAPPAQYELKHGTFTCASEYTGNYQCGHYKHITSKETLYCIDGALLTKSSEYKGPITDVFYKENSYTTTIKPLEHHHHHH,326,10,2,"['N2M', 'A3R']",96.33
6wuu,C,MREVRTIKVFTTVDNINLHTQVVDMSMTYGQQFGPTYLDGADVTKIKPHNSHEGKTFYVLPNDDTLRVEAFEYYHTTDPSFLGRYMSALNHTKKWKYPQVNGLTSIKWADNNCYLATALLTLQQIELKFNPPALQDAYYRARAGEAANFCALILAYCNKTVGELGDVRETMSYLFQHANLDSCKRVLNVVCKTCGQQQTTLKGVEAVMYMGTLSYEQFKKGVQIPCTCGKQATKYLVQQESPFVMMSAPPAQYELKHGTFTCASEYTGNYQCGHYKHITSKETLYCIDGALLTKSSEYKGPITDVFYKENSYTTTIKPLEHHHHHH,326,10,2,"['N2M', 'A3R']",96.33
6wuu,D,MREVRTIKVFTTVDNINLHTQVVDMSMTYGQQFGPTYLDGADVTKIKPHNSHEGKTFYVLPNDDTLRVEAFEYYHTTDPSFLGRYMSALNHTKKWKYPQVNGLTSIKWADNNCYLATALLTLQQIELKFNPPALQDAYYRARAGEAANFCALILAYCNKTVGELGDVRETMSYLFQHANLDSCKRVLNVVCKTCGQQQTTLKGVEAVMYMGTLSYEQFKKGVQIPCTCGKQATKYLVQQESPFVMMSAPPAQYELKHGTFTCASEYTGNYQCGHYKHITSKETLYCIDGALLTKSSEYKGPITDVFYKENSYTTTIKPLEHHHHHH,326,10,2,"['N2M', 'A3R']",96.33
7nt4,A,GAMEVRTIKVFTTVDNINLHTQVVDMSMTYGQQFGPTYLDGADVTKIKPHNSHEGKTFYVLPNDDTLRVEAFEYYHTTDPSFLGRYMSALNHTKKWKYPQVNGLTSIKWADNNCYLATALLTLQQIELKFNPPALQDAYYRARAGEAANFCALILAYCNKTVGELGDVRETMSYLFQHANLDSCKRVLNVVCKTCGQQQTTLKGVEAVMYMGTLSYEQFKKGVQIPCTCGKQATKYLVQQESPFVMMSAPPAQYELKHGTFTCASEYTGNYQCGHYKHITSKETLYCIDGALLTKSSEYKGPITDVFYKENSYTTTIK,318,0,3,"['S1G', 'N2A', 'A3M']",99.06
7nt4,B,GAMEVRTIKVFTTVDNINLHTQVVDMSMTYGQQFGPTYLDGADVTKIKPHNSHEGKTFYVLPNDDTLRVEAFEYYHTTDPSFLGRYMSALNHTKKWKYPQVNGLTSIKWADNNCYLATALLTLQQIELKFNPPALQDAYYRARAGEAANFCALILAYCNKTVGELGDVRETMSYLFQHANLDSCKRVLNVVCKTCGQQQTTLKGVEAVMYMGTLSYEQFKKGVQIPCTCGKQATKYLVQQESPFVMMSAPPAQYELKHGTFTCASEYTGNYQCGHYKHITSKETLYCIDGALLTKSSEYKGPITDVFYKENSYTTTIK,318,0,3,"['S1G', 'N2A', 'A3M']",99.06
7xc3,A,FQHMGTVSWNLREMLAHAEETRKLMPVCVETKAIVSTIQRKYKGIKIQEGVVDYGARFYFYTSKTTVASLINTLNDLNETLVTMPLGYVTHGLNLEEAARYMRSLKVPATVSVSSPDAVTAYNGYLT,127,195,61,"['I8F', 'K9Q', 'V10H', 'F11M', 'T12G', 'N16S', 'I17W', 'M26R', 'S27E', 'D40A', 'G41H', 'D43E', 'V44E', 'I47L', 'K48M', 'R68C', 'S88K', 'L90I', 'N91V', 'H92S', 'K94I', 'K95Q', 'W96R', 'N102K', 'Q124I', 'A134G', 'L135V', 'Q136V', 'R141G', 'L155Y', 'A156F', 'C158T', 'N159S', 'G163A', 'E164S', 'R169I', 'E170N', 'M172L', 'S173N', 'Y174D', 'L181E', 'D182T', 'S183L', 'C184V', 'K185T', 'R186M', 'V187P', 'N189G', 'V190Y', 'C195H', 'K203N', 'G204L', 'V205E', 'V208A', 'M209R', 'G212R', 'T213S', 'A249S', 'P251D', 'F261V', 'T268N']",20.00
7xc3,B,FQHMGTVSWNLREMLAHAEETRKLMPVCVETKAIVSTIQRKYKGIKIQEGVVDYGARFYFYTSKTTVASLINTLNDLNETLVTMPLGYVTHGLNLEEAARYMRSLKVPATVSVSSPDAVTAYNGYLT,127,195,61,"['I8F', 'K9Q', 'V10H', 'F11M', 'T12G', 'N16S', 'I17W', 'M26R', 'S27E', 'D40A', 'G41H', 'D43E', 'V44E', 'I47L', 'K48M', 'R68C', 'S88K', 'L90I', 'N91V', 'H92S', 'K94I', 'K95Q', 'W96R', 'N102K', 'Q124I', 'A134G', 'L135V', 'Q136V', 'R141G', 'L155Y', 'A156F', 'C158T', 'N159S', 'G163A', 'E164S', 'R169I', 'E170N', 'M172L', 'S173N', 'Y174D', 'L181E', 'D182T', 'S183L', 'C184V', 'K185T', 'R186M', 'V187P', 'N189G', 'V190Y', 'C195H', 'K203N', 'G204L', 'V205E', 'V208A', 'M209R', 'G212R', 'T213S', 'A249S', 'P251D', 'F261V', 'T268N']",20.00
6wrh,A,SNAEVRTIKVFTTVDNINLHTQVVDMSMTYGQQFGPTYLDGADVTKIKPHNSHEGKTFYVLPNDDTLRVEAFEYYHTTDPSFLGRYMSALNHTKKWKYPQVNGLTSIKWADNNSYLATALLTLQQIELKFNPPALQDAYYRARAGEAANFCALILAYCNKTVGELGDVRETMSYLFQHANLDSCKRVLNVVCKTCGQQQTTLKGVEAVMYMGTLSYEQFKKGVQIPCTCGKQATKYLVQQESPFVMMSAPPAQYELKHGTFTCASEYTGNYQCGHYKHITSKETLYCIDGALLTKSSEYKGPITDVFYKENSYTTTIK,318,0,1,['C114S'],99.69
8c19,A,SMVNSFSGYLKLTDNVYIKNADIVEEAKKVKPTVVVNAANVYLKHGGGVAGALNKATNNAMQVESDDYIATNGPLKVGGSCVLSGHNLAKHCLHVVGPNVNKGEDIQLLKSAYENFNQHEVLLAPLLSAGIFGADPIHSLRVCVDTVRTNVYLAVFDKNLYDKLVSSFL,169,169,83,"['Q22M', 'V24N', 'D25S', 'M26F', 'D40K', 'G41L', 'A42T', 'V44N', 'T45V', 'K46Y', 'S52V', 'H53E', 'G55A', 'Y59K', 'L61K', 'L67V', 'R68V', 'E70N', 'F72A', 'E73N', 'Y74V', 'L83G', 'R85G', 'Y86V', 'M87A', 'S88G', 'D111T', 'Q124M', 'I126V', 'Q136S', 'A138D', 'E146I', 'A148T', 'L153G', 'I154P', 'Y174V', 'F176S', 'Q177G', 'C184A', 'R186H', 'V187C', 'N189H', 'E206P', 'A207N', 'K220N', 'V223E', 'Q224D', 'T228Q', 'C229L', 'G230L', 'Q232S', 'T234Y', 'K235E', 'Y236N', 'L237F', 'V238N', 'Q240H', 'M247L', 'S248L', 'E255L', 'K257S', 'H258A', 'T260I', 'Y276A', 'K277D', 'H278P', 'T280H', 'Y286V', 'I288V', 'A291T', 'L292V', 'L293R', 'S297N', 'E298V', 'T304L', 'D305A', 'Y308D', 'S312L', 'T314V', 'T315S', 'T316S', 'I317F', 'K318L']",23.17
8c19,B,SMVNSFSGYLKLTDNVYIKNADIVEEAKKVKPTVVVNAANVYLKHGGGVAGALNKATNNAMQVESDDYIATNGPLKVGGSCVLSGHNLAKHCLHVVGPNVNKGEDIQLLKSAYENFNQHEVLLAPLLSAGIFGADPIHSLRVCVDTVRTNVYLAVFDKNLYDKLVSSFL,169,169,83,"['Q22M', 'V24N', 'D25S', 'M26F', 'D40K', 'G41L', 'A42T', 'V44N', 'T45V', 'K46Y', 'S52V', 'H53E', 'G55A', 'Y59K', 'L61K', 'L67V', 'R68V', 'E70N', 'F72A', 'E73N', 'Y74V', 'L83G', 'R85G', 'Y86V', 'M87A', 'S88G', 'D111T', 'Q124M', 'I126V', 'Q136S', 'A138D', 'E146I', 'A148T', 'L153G', 'I154P', 'Y174V', 'F176S', 'Q177G', 'C184A', 'R186H', 'V187C', 'N189H', 'E206P', 'A207N', 'K220N', 'V223E', 'Q224D', 'T228Q', 'C229L', 'G230L', 'Q232S', 'T234Y', 'K235E', 'Y236N', 'L237F', 'V238N', 'Q240H', 'M247L', 'S248L', 'E255L', 'K257S', 'H258A', 'T260I', 'Y276A', 'K277D', 'H278P', 'T280H', 'Y286V', 'I288V', 'A291T', 'L292V', 'L293R', 'S297N', 'E298V', 'T304L', 'D305A', 'Y308D', 'S312L', 'T314V', 'T315S', 'T316S', 'I317F', 'K318L']",23.17
8cx9,E,HHHHHHVTSLYKKAGSTDYKDDDDKMQISVKTLMRKRITLEVEPSDTIENVKAKIQDKEGIPPDQQRLIFSGMLLEDGRTLSDYNIQKGSTLTLGLILRANGV,103,217,49,"['N51H', 'S52H', 'T77V', 'N102A', 'L104S', 'S106D', 'I107Y', 'W109D', 'A110D', 'T122D', 'L123K', 'Q124M', 'E127S', 'L128V', 'A134T', 'Y140M', 'A142K', 'T161E', 'L165P', 'G166S', 'V168T', 'R169I', 'V191K', 'C192A', 'E217I', 'F219D', 'K221E', 'L237P', 'V238D', 'E241R', 'S242L', 'P243I', 'V245S', 'M246G', 'E255L', 'K257E', 'H258D', 'F261R', 'A264L', 'E266D', 'Y271I', 'C273K', 'K282T', 'E283L', 'Y286G', 'C287L', 'D289L', 'G290R', 'K300N']",16.61
8cx9,I,HHHHHHVTSLYKKAGSTDYKDDDDKMQISVKTLMRKRITLEVEPSDTIENVKAKIQDKEGIPPDQQRLIFSGMLLEDGRTLSDYNIQKGSTLTLGLILRANGV,103,217,49,"['N51H', 'S52H', 'T77V', 'N102A', 'L104S', 'S106D', 'I107Y', 'W109D', 'A110D', 'T122D', 'L123K', 'Q124M', 'E127S', 'L128V', 'A134T', 'Y140M', 'A142K', 'T161E', 'L165P', 'G166S', 'V168T', 'R169I', 'V191K', 'C192A', 'E217I', 'F219D', 'K221E', 'L237P', 'V238D', 'E241R', 'S242L', 'P243I', 'V245S', 'M246G', 'E255L', 'K257E', 'H258D', 'F261R', 'A264L', 'E266D', 'Y271I', 'C273K', 'K282T', 'E283L', 'Y286G', 'C287L', 'D289L', 'G290R', 'K300N']",16.61
8cx9,F,HHHHHHVTSLYKKAGSTDYKDDDDKMQISVKTLMRKRITLEVEPSDTIENVKAKIQDKEGIPPDQQRLIFSGMLLEDGRTLSDYNIQKGSTLTLGLILRANGV,103,217,49,"['N51H', 'S52H', 'T77V', 'N102A', 'L104S', 'S106D', 'I107Y', 'W109D', 'A110D', 'T122D', 'L123K', 'Q124M', 'E127S', 'L128V', 'A134T', 'Y140M', 'A142K', 'T161E', 'L165P', 'G166S', 'V168T', 'R169I', 'V191K', 'C192A', 'E217I', 'F219D', 'K221E', 'L237P', 'V238D', 'E241R', 'S242L', 'P243I', 'V245S', 'M246G', 'E255L', 'K257E', 'H258D', 'F261R', 'A264L', 'E266D', 'Y271I', 'C273K', 'K282T', 'E283L', 'Y286G', 'C287L', 'D289L', 'G290R', 'K300N']",16.61
8cx9,G,HHHHHHVTSLYKKAGSTDYKDDDDKMQISVKTLMRKRITLEVEPSDTIENVKAKIQDKEGIPPDQQRLIFSGMLLEDGRTLSDYNIQKGSTLTLGLILRANGV,103,217,49,"['N51H', 'S52H', 'T77V', 'N102A', 'L104S', 'S106D', 'I107Y', 'W109D', 'A110D', 'T122D', 'L123K', 'Q124M', 'E127S', 'L128V', 'A134T', 'Y140M', 'A142K', 'T161E', 'L165P', 'G166S', 'V168T', 'R169I', 'V191K', 'C192A', 'E217I', 'F219D', 'K221E', 'L237P', 'V238D', 'E241R', 'S242L', 'P243I', 'V245S', 'M246G', 'E255L', 'K257E', 'H258D', 'F261R', 'A264L', 'E266D', 'Y271I', 'C273K', 'K282T', 'E283L', 'Y286G', 'C287L', 'D289L', 'G290R', 'K300N']",16.61
8cx9,K,HHHHHHVTSLYKKAGSTDYKDDDDKMQISVKTLMRKRITLEVEPSDTIENVKAKIQDKEGIPPDQQRLIFSGMLLEDGRTLSDYNIQKGSTLTLGLILRANGV,103,217,49,"['N51H', 'S52H', 'T77V', 'N102A', 'L104S', 'S106D', 'I107Y', 'W109D', 'A110D', 'T122D', 'L123K', 'Q124M', 'E127S', 'L128V', 'A134T', 'Y140M', 'A142K', 'T161E', 'L165P', 'G166S', 'V168T', 'R169I', 'V191K', 'C192A', 'E217I', 'F219D', 'K221E', 'L237P', 'V238D', 'E241R', 'S242L', 'P243I', 'V245S', 'M246G', 'E255L', 'K257E', 'H258D', 'F261R', 'A264L', 'E266D', 'Y271I', 'C273K', 'K282T', 'E283L', 'Y286G', 'C287L', 'D289L', 'G290R', 'K300N']",16.61
8cx9,L,HHHHHHVTSLYKKAGSTDYKDDDDKMQISVKTLMRKRITLEVEPSDTIENVKAKIQDKEGIPPDQQRLIFSGMLLEDGRTLSDYNIQKGSTLTLGLILRANGV,103,217,49,"['N51H', 'S52H', 'T77V', 'N102A', 'L104S', 'S106D', 'I107Y', 'W109D', 'A110D', 'T122D', 'L123K', 'Q124M', 'E127S', 'L128V', 'A134T', 'Y140M', 'A142K', 'T161E', 'L165P', 'G166S', 'V168T', 'R169I', 'V191K', 'C192A', 'E217I', 'F219D', 'K221E', 'L237P', 'V238D', 'E241R', 'S242L', 'P243I', 'V245S', 'M246G', 'E255L', 'K257E', 'H258D', 'F261R', 'A264L', 'E266D', 'Y271I', 'C273K', 'K282T', 'E283L', 'Y286G', 'C287L', 'D289L', 'G290R', 'K300N']",16.61
8cx9,H,HHHHHHVTSLYKKAGSTDYKDDDDKMQISVKTLMRKRITLEVEPSDTIENVKAKIQDKEGIPPDQQRLIFSGMLLEDGRTLSDYNIQKGSTLTLGLILRANGV,103,217,49,"['N51H', 'S52H', 'T77V', 'N102A', 'L104S', 'S106D', 'I107Y', 'W109D', 'A110D', 'T122D', 'L123K', 'Q124M', 'E127S', 'L128V', 'A134T', 'Y140M', 'A142K', 'T161E', 'L165P', 'G166S', 'V168T', 'R169I', 'V191K', 'C192A', 'E217I', 'F219D', 'K221E', 'L237P', 'V238D', 'E241R', 'S242L', 'P243I', 'V245S', 'M246G', 'E255L', 'K257E', 'H258D', 'F261R', 'A264L', 'E266D', 'Y271I', 'C273K', 'K282T', 'E283L', 'Y286G', 'C287L', 'D289L', 'G290R', 'K300N']",16.61
8cx9,J,HHHHHHVTSLYKKAGSTDYKDDDDKMQISVKTLMRKRITLEVEPSDTIENVKAKIQDKEGIPPDQQRLIFSGMLLEDGRTLSDYNIQKGSTLTLGLILRANGV,103,217,49,"['N51H', 'S52H', 'T77V', 'N102A', 'L104S', 'S106D', 'I107Y', 'W109D', 'A110D', 'T122D', 'L123K', 'Q124M', 'E127S', 'L128V', 'A134T', 'Y140M', 'A142K', 'T161E', 'L165P', 'G166S', 'V168T', 'R169I', 'V191K', 'C192A', 'E217I', 'F219D', 'K221E', 'L237P', 'V238D', 'E241R', 'S242L', 'P243I', 'V245S', 'M246G', 'E255L', 'K257E', 'H258D', 'F261R', 'A264L', 'E266D', 'Y271I', 'C273K', 'K282T', 'E283L', 'Y286G', 'C287L', 'D289L', 'G290R', 'K300N']",16.61
6xa9,A,GPREVRTIKVFTTVDNINLHTQVVDMSMTYGQQFGPTYLDGADVTKIKPHNSHEGKTFYVLPNDDTLRVEAFEYYHTTDPSFLGRYMSALNHTKKWKYPQVNGLTSIKWADNNCYLATALLTLQQIELKFNPPALQDAYYRARAGEAANFCALILAYCNKTVGELGDVRETMSYLFQHANLDSCKRVLNVVCKTCGQQQTTLKGVEAVMYMGTLSYEQFKKGVQIPCTCGKQATKYLVQQESPFVMMSAPPAQYELKHGTFTCASEYTGNYQCGHYKHITSKETLYCIDGALLTKSSEYKGPITDVFYKENSYTTTIK,318,0,3,"['S1G', 'N2P', 'A3R']",99.06
6xa9,B,MDEPLSILVRNNKGRSSTYEVRLTQTVAHLKQQVSGLEGVQDDLFWLTFEGKPLEDQLPLGEYGLKPLSTVFMNLRLRG,79,241,33,"['N2M', 'A3D', 'V5P', 'R6L', 'T7S', 'T13L', 'D15R', 'V24K', 'D25G', 'M26R', 'M28S', 'L67Q', 'R68T', 'T93L', 'P99Q', 'N102S', 'I107E', 'K108G', 'W109V', 'A110Q', 'Y115D', 'A119F', 'L120W', 'I126F', 'L128G', 'Q136E', 'A152Q', 'I154P', 'L165Y', 'T213P', 'M246F', 'L292R', 'K300R']",14.11
6xa9,C,GPREVRTIKVFTTVDNINLHTQVVDMSMTYGQQFGPTYLDGADVTKIKPHNSHEGKTFYVLPNDDTLRVEAFEYYHTTDPSFLGRYMSALNHTKKWKYPQVNGLTSIKWADNNCYLATALLTLQQIELKFNPPALQDAYYRARAGEAANFCALILAYCNKTVGELGDVRETMSYLFQHANLDSCKRVLNVVCKTCGQQQTTLKGVEAVMYMGTLSYEQFKKGVQIPCTCGKQATKYLVQQESPFVMMSAPPAQYELKHGTFTCASEYTGNYQCGHYKHITSKETLYCIDGALLTKSSEYKGPITDVFYKENSYTTTIK,318,0,3,"['S1G', 'N2P', 'A3R']",99.06
6xa9,D,MDEPLSILVRNNKGRSSTYEVRLTQTVAHLKQQVSGLEGVQDDLFWLTFEGKPLEDQLPLGEYGLKPLSTVFMNLRLRG,79,241,33,"['N2M', 'A3D', 'V5P', 'R6L', 'T7S', 'T13L', 'D15R', 'V24K', 'D25G', 'M26R', 'M28S', 'L67Q', 'R68T', 'T93L', 'P99Q', 'N102S', 'I107E', 'K108G', 'W109V', 'A110Q', 'Y115D', 'A119F', 'L120W', 'I126F', 'L128G', 'Q136E', 'A152Q', 'I154P', 'L165Y', 'T213P', 'M246F', 'L292R', 'K300R']",14.11
6xa9,E,GPREVRTIKVFTTVDNINLHTQVVDMSMTYGQQFGPTYLDGADVTKIKPHNSHEGKTFYVLPNDDTLRVEAFEYYHTTDPSFLGRYMSALNHTKKWKYPQVNGLTSIKWADNNCYLATALLTLQQIELKFNPPALQDAYYRARAGEAANFCALILAYCNKTVGELGDVRETMSYLFQHANLDSCKRVLNVVCKTCGQQQTTLKGVEAVMYMGTLSYEQFKKGVQIPCTCGKQATKYLVQQESPFVMMSAPPAQYELKHGTFTCASEYTGNYQCGHYKHITSKETLYCIDGALLTKSSEYKGPITDVFYKENSYTTTIK,318,0,3,"['S1G', 'N2P', 'A3R']",99.06
6xa9,F,MDEPLSILVRNNKGRSSTYEVRLTQTVAHLKQQVSGLEGVQDDLFWLTFEGKPLEDQLPLGEYGLKPLSTVFMNLRLRG,79,241,33,"['N2M', 'A3D', 'V5P', 'R6L', 'T7S', 'T13L', 'D15R', 'V24K', 'D25G', 'M26R', 'M28S', 'L67Q', 'R68T', 'T93L', 'P99Q', 'N102S', 'I107E', 'K108G', 'W109V', 'A110Q', 'Y115D', 'A119F', 'L120W', 'I126F', 'L128G', 'Q136E', 'A152Q', 'I154P', 'L165Y', 'T213P', 'M246F', 'L292R', 'K300R']",14.11
8hda,A,GSHMYKSVNITFELDERIDKVLNEKCSAYTVELGTEVNEFACVVADAVIKTLQPVSELLTPLGIDLDEWSMATYYLFDESGEFKLASHMYCSFYPPDE,98,222,42,"['E54M', 'G55Y', 'Y59S', 'D65I', 'T78L', 'G84E', 'Y86I', 'M87D', 'S88K', 'A89V', 'L155S', 'D167E', 'R169N', 'R186V', 'L188A', 'N189D', 'V190A', 'C192I', 'K203Q', 'G204P', 'Y216E', 'E217L', 'Q218L', 'F219T', 'K220P', 'K221L', 'P226D', 'C227L', 'T228D', 'C229E', 'G230W', 'K231S', 'Q232M', 'K235Y', 'Q239F', 'Q240D', 'T260E', 'T262K', 'C263L', 'L285M', 'E298F', 'T304P']",17.24
8hda,B,GSHMYKSVNITFELDERIDKVLNEKCSAYTVELGTEVNEFACVVADAVIKTLQPVSELLTPLGIDLDEWSMATYYLFDESGEFKLASHMYCSFYPPDE,98,222,42,"['E54M', 'G55Y', 'Y59S', 'D65I', 'T78L', 'G84E', 'Y86I', 'M87D', 'S88K', 'A89V', 'L155S', 'D167E', 'R169N', 'R186V', 'L188A', 'N189D', 'V190A', 'C192I', 'K203Q', 'G204P', 'Y216E', 'E217L', 'Q218L', 'F219T', 'K220P', 'K221L', 'P226D', 'C227L', 'T228D', 'C229E', 'G230W', 'K231S', 'Q232M', 'K235Y', 'Q239F', 'Q240D', 'T260E', 'T262K', 'C263L', 'L285M', 'E298F', 'T304P']",17.24
8c1a,A,SMVNSFSGYLKLTDNVYIKNADIVEEAKKVKPTVVVNAANVYLKHGGGVAGALNKATNNAMQVESDDYIATNGPLKVGGSCVLSGHNLAKHCLHVVGPNVNKGEDIQLLKSAYENFNQHEVLLAPLLSAGIFGADPIHSLRVCVDTVRTNVYLAVFDKNLYDKLVSSFL,169,169,83,"['Q22M', 'V24N', 'D25S', 'M26F', 'D40K', 'G41L', 'A42T', 'V44N', 'T45V', 'K46Y', 'S52V', 'H53E', 'G55A', 'Y59K', 'L61K', 'L67V', 'R68V', 'E70N', 'F72A', 'E73N', 'Y74V', 'L83G', 'R85G', 'Y86V', 'M87A', 'S88G', 'D111T', 'Q124M', 'I126V', 'Q136S', 'A138D', 'E146I', 'A148T', 'L153G', 'I154P', 'Y174V', 'F176S', 'Q177G', 'C184A', 'R186H', 'V187C', 'N189H', 'E206P', 'A207N', 'K220N', 'V223E', 'Q224D', 'T228Q', 'C229L', 'G230L', 'Q232S', 'T234Y', 'K235E', 'Y236N', 'L237F', 'V238N', 'Q240H', 'M247L', 'S248L', 'E255L', 'K257S', 'H258A', 'T260I', 'Y276A', 'K277D', 'H278P', 'T280H', 'Y286V', 'I288V', 'A291T', 'L292V', 'L293R', 'S297N', 'E298V', 'T304L', 'D305A', 'Y308D', 'S312L', 'T314V', 'T315S', 'T316S', 'I317F', 'K318L']",23.17
8c1a,B,SMVNSFSGYLKLTDNVYIKNADIVEEAKKVKPTVVVNAANVYLKHGGGVAGALNKATNNAMQVESDDYIATNGPLKVGGSCVLSGHNLAKHCLHVVGPNVNKGEDIQLLKSAYENFNQHEVLLAPLLSAGIFGADPIHSLRVCVDTVRTNVYLAVFDKNLYDKLVSSFL,169,169,83,"['Q22M', 'V24N', 'D25S', 'M26F', 'D40K', 'G41L', 'A42T', 'V44N', 'T45V', 'K46Y', 'S52V', 'H53E', 'G55A', 'Y59K', 'L61K', 'L67V', 'R68V', 'E70N', 'F72A', 'E73N', 'Y74V', 'L83G', 'R85G', 'Y86V', 'M87A', 'S88G', 'D111T', 'Q124M', 'I126V', 'Q136S', 'A138D', 'E146I', 'A148T', 'L153G', 'I154P', 'Y174V', 'F176S', 'Q177G', 'C184A', 'R186H', 'V187C', 'N189H', 'E206P', 'A207N', 'K220N', 'V223E', 'Q224D', 'T228Q', 'C229L', 'G230L', 'Q232S', 'T234Y', 'K235E', 'Y236N', 'L237F', 'V238N', 'Q240H', 'M247L', 'S248L', 'E255L', 'K257S', 'H258A', 'T260I', 'Y276A', 'K277D', 'H278P', 'T280H', 'Y286V', 'I288V', 'A291T', 'L292V', 'L293R', 'S297N', 'E298V', 'T304L', 'D305A', 'Y308D', 'S312L', 'T314V', 'T315S', 'T316S', 'I317F', 'K318L']",23.17
